Epoch,Error mean,Error std
1,0.0000270065,-nan
2,0.0000218032,-nan
3,0.0000186164,-nan
4,0.0000166703,-nan
5,0.0000154832,-nan
