Epoch,Error mean,Error std
1,0.0000272075,0.0000001531
2,0.0000226395,0.0000001485
3,0.0000201373,0.0000001425
4,0.0000187872,0.0000001277
5,0.0000180907,0.0000001226
