Epoch,Error mean,Error std
1,0.0000310758,-nan
2,0.0000320040,-nan
3,0.0000340650,-nan
4,0.0000362005,-nan
5,0.0000380895,-nan
