Epoch,Error mean,Error std
1,0.0000273188,-nan
2,0.0000227701,-nan
3,0.0000202720,-nan
4,0.0000189041,-nan
5,0.0000181889,-nan
